Principal (P),Annual Interest Rate (r),Compounded per Year (n),Time (t),Amount (A)
5939.321535345923,0.1048943151514722,7,19.572407655144488,45576.804151724806
7436.7042973517755,0.04780111624690308,8,17.653599661015225,17249.41882130775
6424.870384644795,0.11292716309716327,3,7.425020084900067,14632.817376179088
5903.948646972071,0.14470639631644136,4,19.269832936288473,91362.50938635053
4812.8931940501425,0.04482544009279412,2,5.402330902952886,6115.254486200269
6813.047017599905,0.09066202681849715,10,19.037057625897948,37977.76277276153
4938.284901364233,0.09288587037805746,6,18.886176389423476,28158.147089113383
9025.957007038718,0.09011526681072225,10,16.184849159695442,38554.54875140719
9672.964844509264,0.04123142856968656,10,12.978510800469031,16499.94810150983
4450.973669432,0.1433848616123779,3,17.611471365873992,52449.52890976972
8125.525342743981,0.07259755300646782,1,6.567385405648137,12874.834567544047
5760.05427777614,0.12849721414595788,10,17.129927550945446,51319.60226988724
6112.401049845391,0.1079270985444506,2,12.739657146432952,23323.421265488934
9330.36974463395,0.05164117311971871,10,1.2515002974190903,9951.639224814859
1639.3245237809824,0.1239316947583468,11,7.597436840712172,4181.135835781398
1784.1636973138664,0.06551080371857784,1,3.8146763580151357,2272.7884112170627
1181.9655769629314,0.13335444759556261,7,19.65475840654681,15856.421140332746
8493.578609931443,0.0913782021690202,1,10.089035833759773,20522.233549204368
8003.4107585486545,0.13344295065967937,11,10.450435944474592,32008.89742468205
8830.109334221372,0.10695442261088721,5,13.149977811575749,35508.930454191104
9807.565080094875,0.11153559917474966,9,8.003107516462734,23814.617741429654
8192.427077950513,0.0801854134697383,5,3.6011051620263794,10909.95161548376
5153.314260276386,0.14385170886125134,4,16.620236930690666,53973.9898534866
8024.762586578099,0.10015862789214922,4,4.607110326152402,12658.025283109986
2064.469832820399,0.06933970679814515,9,10.715060668382664,4327.565424944028
6759.289191947714,0.0948950499779094,9,5.262023550520046,11107.755838808265
2290.1795866814177,0.012687047763306694,8,2.859045205386647,2374.707680147313
9502.020253446255,0.052220474334436905,1,17.381638831011983,23017.99353084008
5696.634895750645,0.1024242952489759,4,19.485470291439476,40875.75342096351
4731.957459914713,0.050610865009462165,9,19.255858503197004,12505.451493418972
3381.0005089416427,0.0965221600598378,8,18.2245544852024,19428.047769375906
7968.10320490795,0.07002761813240725,8,15.706899321274136,23821.22751983923
5105.352989948937,0.028966368991143028,11,7.329757888544196,6311.20742581424
6115.905539817836,0.051759525633844304,2,2.5409264097719384,6963.881292860773
1169.1082039271962,0.08979508749817706,9,8.73758225686234,2552.172648496437
6558.719473682893,0.09272218657474424,5,5.412448701247912,10783.885099579027
6508.861504501792,0.09040553483894102,8,3.5172650604016766,8929.50988915239
6552.405971872812,0.1014481147799987,1,2.01511645394968,7960.919508580462
9493.732706631617,0.10129445780023642,5,14.786292920000996,41822.38227168809
7136.382691931351,0.07039858096075635,10,1.2171217138755894,7772.481411838943
4235.571105164074,0.13551652341914883,1,15.641034221552749,30916.81489169056
4933.287584194073,0.06145866180670551,11,3.791986262607126,6223.966415192465
7278.680763345384,0.07102108953718775,7,2.510919569148359,8691.793465730261
1542.0292446634285,0.1348692697021941,5,2.7024576505335025,2209.461192684008
7000.900439011009,0.12286715846645199,3,13.768908339724375,36747.11902127682
7035.740826563435,0.10854440169565127,5,5.661976987204051,12922.926961717258
2893.443049664568,0.024031764223722156,7,8.990249866921872,3589.91565256659
2160.33667889368,0.13872756592425428,4,11.590007035154422,10494.635149733851
3838.855158317655,0.10999378193687559,11,17.350472302747082,25639.642956315933
4273.396938483604,0.1498385809195013,4,14.813840991515237,37770.54523030302
6131.770933760917,0.030922762652119122,8,6.136230199535579,7410.271021031081
4947.413621160883,0.13153764803155,9,3.4981731865314245,7812.119182576929
9895.364542533036,0.03274901085469247,6,2.052112088002761,10581.300273094523
1918.4032967322528,0.09617833899973817,1,6.730374055137907,3559.2247542394116
2879.8908048535122,0.02733479759892181,9,5.980244835553886,3390.4864899303425
2451.785660964966,0.1287211521051128,6,9.666670769209114,8397.73572693652
6877.9749291885855,0.12302465422150148,5,13.982345375405929,37625.27194097802
3279.624422858039,0.08967410340604305,8,14.216883467138286,11652.524730110108
5196.796955706756,0.06700566161163994,11,6.386858085061166,7962.157109756091
3199.8303280144246,0.019683379363719326,11,8.21861216210229,3761.144441543646
2430.726252809677,0.1076400282402389,5,4.441868273001157,3901.024002669365
1993.3762704787462,0.07349597557492962,2,15.982364733823855,6317.989760500135
6906.96630518746,0.1110877839258487,4,2.080113452231566,8675.085650093477
2243.646562137524,0.13129352563000807,4,14.24294759277476,14126.814929282726
2769.2412551204816,0.14657301070040402,10,15.795212522880965,27575.350459837755
4318.526535948677,0.12981246793496554,3,15.77074367512631,32043.62340485994
8388.939068631415,0.011639971785900276,6,5.9290287225617435,8987.735546535027
1873.9114821375515,0.06039692902697094,3,8.102449620718668,3042.045497859311
8541.504167489235,0.1121986787393681,4,12.16439306873139,32817.93065010062
1864.8856710456676,0.03402815481660167,6,6.183616146064874,2300.260477182087
9788.135185120562,0.0829451248685781,11,8.046203185139886,19030.83644397978
5217.860814829314,0.017607318367495507,8,4.744031323527153,5671.907018247184
9790.849793713034,0.03799951348549601,3,9.73726179136414,14141.810503729022
6443.609677705414,0.012593051224485955,8,1.8476337238281677,6595.172516076314
7653.372214584715,0.12111767847003888,2,16.19612180684174,51402.14699769741
1352.690130288886,0.041349456328453216,7,2.462172492746022,1497.2128415031075
3545.262663187686,0.058349235297566374,11,10.857867827798994,6669.108105922465
2081.7690509185204,0.13993138108518272,6,6.829391891358727,5354.250986427281
3665.2617776993043,0.10861801626929457,1,11.973316027796134,12597.756888449221
2068.5494705881965,0.014457450134383099,1,19.229233475835077,2726.074989822149
3861.848614545784,0.03305718190970778,11,13.265834644664073,5983.582532327118
4728.366950632029,0.09700697620996689,4,1.6718862793543274,5550.173122730988
1577.327467139059,0.09081200240458345,11,9.177646350653163,3617.38326037853
7232.249074330179,0.043304994992431206,2,10.690320194046754,11433.567752322802
6099.413087859176,0.1407899597094711,11,11.187372399365588,29173.703072002212
3388.5054184550086,0.09595523383522542,10,13.94645770147292,12835.885435689965
5709.232481200297,0.08498859242349414,10,6.274325856903555,9709.234925396426
1845.4645968259751,0.09258739668963993,7,3.4483507438600833,2534.2857277874823
6183.518460005614,0.11221708413234774,7,8.460837854394793,15860.124005187383
9363.665778185927,0.05367229936714426,8,19.171708733123026,26111.873742264375
3867.1205720619128,0.06575094871025286,9,4.55548694326605,5211.923370116113
7006.693419673135,0.0393781248565171,9,18.175695143636503,14311.014245368073
2186.1807616395295,0.03606702082324706,8,11.332313051469201,3286.9506118452505
7446.94483706709,0.1422121345977507,1,9.68131701126955,26980.06059054685
3604.65483652481,0.11353711130690024,9,17.758786794367904,26732.910252408223
2648.7222580640514,0.07866423320645938,7,9.713475273603132,5662.802658770869
6278.616413290749,0.041838047916265254,9,14.759185095619323,11625.655054869572
1180.967915687442,0.04560990744785501,10,8.581481112358938,1745.1579140436556
8460.460262956269,0.018124082445342585,9,18.176843465118196,11757.730290954036
1042.2592857329237,0.0708183275781369,4,14.11047538363332,2806.471884123452
